[
	{
		"id": "AeHIrLTr6JkxGE6SN-0Rw",
		"name": "Allen Raymond",
		"email": "nulla.ante@vestibul.co.uk",
		"phone": "(992) 914-3792"
	},
	{
		"id": "drsAJ4SHPYqZeG-83QTVW",
		"name": "Kennedy Lane",
		"email": "mattis.Cras@nonenimMauris.net",
		"phone": "(542) 451-7038"
	},
	{
		"id": "vza2RIzNGIwutCVCs4mCL",
		"name": "Wylie Pope",
		"email": "est@utquamvel.net",
		"phone": "(692) 802-2949"
	},
	{
		"id": "05olLMgyVQdWRwgKfg5J6",
		"name": "Cyrus Jackson",
		"email": "nibh@semsempererat.com",
		"phone": "(501) 472-5218"
	},
	{
		"id": "1DEXoP8AuCGYc1YgoQ6hw",
		"name": "Abbot Franks",
		"email": "scelerisque@magnis.org",
		"phone": "(186) 568-3720"
	},
	{
		"id": "Z5sbDlS7pCzNsnAHLtDJd",
		"name": "Reuben Henry",
		"email": "pharetra.ut@dictum.co.uk",
		"phone": "(715) 598-5792"
	},
	{
		"id": "C9sjBfCo4UJCWjzBnOtxl",
		"name": "Simon Morton",
		"email": "dui.Fusce.diam@Donec.com",
		"phone": "(233) 738-2360"
	},
	{
		"id": "e6ywwRe4jcqxXfCZOj_1e",
		"name": "Thomas Lucas",
		"email": "nec@Nulla.com",
		"phone": "(704) 398-7993"
	},
	{
		"id": "rsKkOQUi80UsgVPCcLZZW",
		"name": "Alec Howard",
		"email": "Donec.elementum@scelerisquescelerisquedui.net",
		"phone": "(748) 206-2688"
	},
	{
		"id": "432LKZAZHyInE15D_vlsw",
		"name": "Mango",
		"email": "mango@gmail.com",
		"phone": "322-22-22"
	}
]
